rule_id,rule_name,dimension,data_element,dataset_before,records_checked_before,passed_before,failed_before,score_before,severity_before,cde_before,owner_before,steward_before,dataset_after,records_checked_after,passed_after,failed_after,score_after,severity_after,cde_after,owner_after,steward_after,score_delta,failed_delta,improved
DQ-001,Patient ID Completeness,Completeness,Patient_ID,patients,1020,940,80,92.16,High,CDE-001,Chief Data Officer (Synthetic),Patient Master Data Steward (Synthetic),patients,1001,1001,0,100.0,High,CDE-001,Chief Data Officer (Synthetic),Patient Master Data Steward (Synthetic),7.84,-80,True
DQ-002,Patient ID Uniqueness,Uniqueness,Patient_ID,patients,940,820,120,87.23,High,CDE-001,Chief Data Officer (Synthetic),Patient Master Data Steward (Synthetic),patients,1001,1001,0,100.0,High,CDE-001,Chief Data Officer (Synthetic),Patient Master Data Steward (Synthetic),12.77,-120,True
DQ-003,Date of Birth Validity,Validity,Date_of_Birth,patients,970,900,70,92.78,High,CDE-002,Chief Data Officer (Synthetic),Patient Master Data Steward (Synthetic),patients,880,880,0,100.0,High,CDE-002,Chief Data Officer (Synthetic),Patient Master Data Steward (Synthetic),7.22,-70,True
DQ-004,Gender Conformity,Consistency,Gender,patients,1020,925,95,90.69,Medium,CDE-003,Chief Data Officer (Synthetic),Patient Master Data Steward (Synthetic),patients,1001,1001,0,100.0,Medium,CDE-003,Chief Data Officer (Synthetic),Patient Master Data Steward (Synthetic),9.31,-95,True
DQ-005,Facility Referential Integrity,Referential Integrity,Facility_ID,patients,1020,945,75,92.65,High,CDE-004,Chief Data Officer (Synthetic),Facility Reference Data Steward (Synthetic),patients,1001,1001,0,100.0,High,CDE-004,Chief Data Officer (Synthetic),Facility Reference Data Steward (Synthetic),7.35,-75,True
DQ-006,Encounter Patient Referential Integrity,Referential Integrity,Patient_ID,encounters,2500,2350,150,94.0,High,CDE-001,Chief Data Officer (Synthetic),Clinical Data Steward (Synthetic),encounters,2500,2500,0,100.0,High,CDE-001,Chief Data Officer (Synthetic),Clinical Data Steward (Synthetic),6.0,-150,True
DQ-007,Encounter Provider Referential Integrity,Referential Integrity,Provider_ID,encounters,2500,2420,80,96.8,High,CDE-005,Chief Data Officer (Synthetic),Provider Master Data Steward (Synthetic),encounters,2500,2500,0,100.0,High,CDE-005,Chief Data Officer (Synthetic),Provider Master Data Steward (Synthetic),3.2,-80,True
DQ-008,Encounter Facility Referential Integrity,Referential Integrity,Facility_ID,encounters,2500,2430,70,97.2,High,CDE-004,Chief Data Officer (Synthetic),Facility Reference Data Steward (Synthetic),encounters,2500,2500,0,100.0,High,CDE-004,Chief Data Officer (Synthetic),Facility Reference Data Steward (Synthetic),2.8,-70,True
DQ-009,Encounter Date Validity,Validity,Encounter_Date,encounters,2500,2465,35,98.6,Medium,CDE-007,Chief Data Officer (Synthetic),Clinical Data Steward (Synthetic),encounters,2465,2465,0,100.0,Medium,CDE-007,Chief Data Officer (Synthetic),Clinical Data Steward (Synthetic),1.4,-35,True
