rule_id,rule_name,dimension,description,logic,severity,cde,data_element,dataset,owner,steward
DQ-001,Patient ID Completeness,Completeness,Patient_ID must not be null or blank.,"Fail when Patient_ID is null, empty, or whitespace-only.",High,CDE-001,Patient_ID,patients,Chief Data Officer (Synthetic),Patient Master Data Steward (Synthetic)
DQ-002,Patient ID Uniqueness,Uniqueness,Populated Patient_ID values must be unique after trimming whitespace.,"Among non-null Patient_ID values, fail every row whose identifier occurs more than once.",High,CDE-001,Patient_ID,patients,Chief Data Officer (Synthetic),Patient Master Data Steward (Synthetic)
DQ-003,Date of Birth Validity,Validity,"Date of Birth must be a parseable date, not in the future, and within a plausible range.","When Date_of_Birth is populated, pass if it parses to a date between 1900-01-01 and the project as-of date (2026-08-20). Blank values are completeness issues, not validity failures.",High,CDE-002,Date_of_Birth,patients,Chief Data Officer (Synthetic),Patient Master Data Steward (Synthetic)
DQ-004,Gender Conformity,Consistency,Gender must match the approved value set exactly.,"Pass when Gender is one of Female, Male, Unknown.",Medium,CDE-003,Gender,patients,Chief Data Officer (Synthetic),Patient Master Data Steward (Synthetic)
DQ-005,Facility Referential Integrity,Referential Integrity,Patient.Facility_ID must exist in the facility master reference dataset.,Fail when Facility_ID is null or does not match facilities_master.Facility_ID.,High,CDE-004,Facility_ID,patients,Chief Data Officer (Synthetic),Facility Reference Data Steward (Synthetic)
DQ-006,Encounter Patient Referential Integrity,Referential Integrity,Encounter.Patient_ID must exist in the patient dataset.,Fail when Encounter.Patient_ID is null or not present in patients.Patient_ID.,High,CDE-001,Patient_ID,encounters,Chief Data Officer (Synthetic),Clinical Data Steward (Synthetic)
DQ-007,Encounter Provider Referential Integrity,Referential Integrity,Encounter.Provider_ID must exist in the provider dataset.,Fail when Encounter.Provider_ID is null or not present in providers.Provider_ID.,High,CDE-005,Provider_ID,encounters,Chief Data Officer (Synthetic),Provider Master Data Steward (Synthetic)
DQ-008,Encounter Facility Referential Integrity,Referential Integrity,Encounter.Facility_ID must exist in the facility master reference dataset.,Fail when Encounter.Facility_ID is null or does not match facilities_master.Facility_ID.,High,CDE-004,Facility_ID,encounters,Chief Data Officer (Synthetic),Facility Reference Data Steward (Synthetic)
DQ-009,Encounter Date Validity,Validity,Encounter_Date must be a parseable date and cannot be in the future.,"When Encounter_Date is populated, pass if it parses to a date on or before the project as-of date (2026-08-20). Blank values are completeness issues, not validity failures.",Medium,CDE-007,Encounter_Date,encounters,Chief Data Officer (Synthetic),Clinical Data Steward (Synthetic)
